name,username,link,followers,following,posts,bio,search_queries,snippet
Pavi Theva,iampavitheva,[link](https://www.instagram.com/iampavitheva/),16K,"3,820",823,"Stuck or want more in your career ?🚀 My clients land fulfilling jobs, fast track promotions & launch their side hustle✨ Book FREE Clarity Call👇",,
Juliana Rabbi - Remote Jobs Career Coach,juliana.rabbi,https://www.instagram.com/juliana.rabbi/,11K,449,843,"💻 I help senior-level leaders land a remote job they love 🔥 800+ client results 🏆 Top 50 Global Remote Work Influencer 🟢 DM ""REMOTE"" for info","['site:instagram.com ""career coach"" ""book a call""']",
Shivangi Shrivastava,shivangi.shrivastava2,https://www.instagram.com/shivangi.shrivastava2/,84K,417,783,"🚀 Helping mid- career pros unlock promotions, salary hikes & fast-track success 🌍 Trained 30k+ in 100+ MNCs across 19+ countries Discover How! 👇",,
Conscious Career Coaching,conscious_career,https://www.instagram.com/conscious_career/,,,,,,
"Jeff Fajans, PhD - Creative Performance Coach",jefffajans,https://www.instagram.com/jefffajans/,"3,261","6,056",921,🤘I help creative entrepreneurs bring their biggest ideas to life 💡Don’t let your ideas die inside you 👇 Free workshop Feb 12: Eliminate Self Doubt,,
Strengths-Based Career Coach,lizcareercoaching,https://www.instagram.com/lizcareercoaching/,"2,024",724,646,See Instagram photos and videos from Strengths-Based Career Coach | Liz Herrera (@lizcareercoaching),,
Josh Cathcart,hitting_done_right_hdr,https://www.instagram.com/hitting_done_right_hdr/,196K,"1,658","5,677",Founder- Hitting Done Right Friendswood TX 💢 Online services available 💢 Visit my (You Tube) Simplifying the swing for players/parents/ coaches,,
"Jess Guzik, JD",theartofspeakingup,https://www.instagram.com/theartofspeakingup/,"1,861",960,979,"Host of the @nytimes featured podcast: ✨ The Art of Speaking Up ✨ Tune in for advice on confidence, speaking up, and feeling unstoppable at work ⤵️","['site:instagram.com ""career coach"" ""book a call""']",
Prakriti Madan,prakritimadan,https://www.instagram.com/prakritimadan/,90K,221,816,"🚀Grow on Instagram & get leads organically 🔥 Helped hit 0 to 100K in 60 days, 800+ leads/ week ⭐️DM “ Coaching ” to book your 1:1 Call",,
Executive Coaching Now,executive.coaching.now,https://www.instagram.com/executive.coaching.now/,453,239,192,"Powerhouse expert coaches ready to help you right now with leadership, career , and wellness issues! ✨ FREE COPY #5 TIPS on How to Resolve a Conflict 👇",,
GEORGE LLOYD,georgelloyd____,https://www.instagram.com/georgelloyd____/,26K,"1,215",699,📈 I coach high performers to build incredible physiques that last 📱 DM ‘MOMENTUM’ to Transform 🧱 Founder @momentumacademy____,,
Roz,daisylifecoaching,https://www.instagram.com/daisylifecoaching/,"2,749",397,192,"🌟Helping you get UNSTUCK, build your confidence & self-belief, & transform negative thinking so you can achieve your dreams and goals! WORK WITH ME ⤵️",['mindsets coach instagram'],
Career🎙Kueen,careerkueen,https://www.instagram.com/careerkueen/,341K,"1,413",948,🧠 Executive and Leadership coaching 🔐 Career transition/Outplacement/Training Prendre rv sur careerkueen.com 📙 « Les jobs de mes rêves » Marabout. 👇👇,,
Nekpen - Career Coach,nekpenwerks,https://www.instagram.com/nekpenwerks/,,,,,,
CareerBuilder,careerbuilder,https://www.instagram.com/careerbuilder/,30K,748,"1,849","Find Jobs Faster & Build a Career You Love Let’s Get You Hired 👏👏 Career Advice, Job Tips & Openings 👇 Start Your Job Search",,
8vance,8vancematching,https://www.instagram.com/8vancematching/,240,31,81,8vance Matching Technology | The Tech company who brings you the virtual career manager with Artificial Intelligence,,
Emily Smith,emilysmithcoaching,https://www.instagram.com/emilysmithcoaching/,269,290,28,Strengths and values-based career coach . I help you figure out what you want in a career and how to get it. Align your unique strengths & core values.,,
Instagram,stellar_career_coaching,https://www.instagram.com/stellar_career_coaching/,,,,,,
Adam Stott,adamstottcoach,https://www.instagram.com/adamstottcoach/,490K,"1,318","2,054",💰£150M+ in client revenue generated 🤝 Helping Business Owners grow their empires 👨‍🏫 Via @bigbusinessentrepreneurs 🎙️ Listen to my free podcast👇,,
The NYC Life Coach,thenyclifecoach,https://www.instagram.com/thenyclifecoach/,"8,126","1,447",186,"🔥Empowering NYC for 20+ Years 🔝Top-Rated Life, Career & Executive Coach Pro Athlete & Entrepreneur Mentored by @JimRohn 👇 Book Free Consultation👇",,
Louis Howard,louishowardpt,https://www.instagram.com/louishowardpt/,897K,"1,195",725,Top 1% of fitness coaches … according to my mum 💪 I help people lose fat & build muscle 🎥 helpful sh*t down below👇,,
Online Fitness Coaching,onlinefitnesscoaching,https://www.instagram.com/onlinefitnesscoaching/,109,128,223,"Ratgeber, Produktvergleiche, Rezepte, Bodybuilding, Kraftsport, Fitness , Muskelaufbau",,
MYHRAH l ONLINE FITNESS COACH 📲,myh.strength,https://www.instagram.com/myh.strength/,336K,"1,000",563,EMPOWERING WOMEN THROUGH FITNESS ✨💖 Women’s online coach : helping you achive lasting results🚀 @aybl Athlete code // MYH @ehplabs_uk Athlete code // MYH,,
Janelle Hill 🇨🇦 Canadian Online Fitness Coach & Personal Trainer,janellefaithill,https://www.instagram.com/janellefaithill/,27K,"3,843","2,518","Janelle Hill 🇨🇦 Canadian Online Fitness Coach & Personal Trainer (@janellefaithill) on Instagram: ""B.Kin | Kinesiologist | Personal Trainer | Coach @gymwithjan ✨ Helping women lose fat, build muscle & create sustainable habits LET’S WORK ...",,
Rachel Henley,henleyfitness,https://www.instagram.com/henleyfitness/?hl=en,,,,,,
Katrina Marchese,katrinahealthcoach,https://www.instagram.com/katrinahealthcoach/,,,,,,
SHAUNNA MARIE,xxshaunnamarie,https://www.instagram.com/xxshaunnamarie/,312K,305,"1,466",Online Fitness Coach I build confident bodies + lives✨ Helping women build a body they love + mind that supports it 👇🏽Train with me! 1:1 Coaching,,
ELY COHEN • Online Fitness Coach,ely_fitnesscoach,https://www.instagram.com/ely_fitnesscoach/,400K,"1,228",634,⚡Helping You Build a Fit & Functional Body ️ ️ Strength | Fitness | Calisthenics 🔗 Start Your Transformation ↓,,
Worlds #1 Fitness Business Coach,charliejohnsonfitness,https://www.instagram.com/charliejohnsonfitness/,502K,"6,818","8,480","DM me “PAID” Learn how 1,000+ Fitness Coaches use my Paid Attention System™️ as their NEW way to acquire high ticket clients 33 clients hit $100kpcm👇",,
Premium Female Physique Coaching,f2coaching,https://www.instagram.com/f2coaching/,"6,899",189,365,"🧬Elevate your potential. Rewrite your limits✍🏻 🍑Build your glutes with method, not methods Coach @fracolla @fedemanacoach Inizia la tua evoluzione👇🏻",,
Personal Fitness Coach Online,popular,https://www.instagram.com/popular/personal-fitness-coach-online/,,,,,"['mindsets coach instagram', 'real state coaches instragram', 'real estate marketing coach', 'real estate marketing coach instragram', 'online coach in new work Instragram', 'site:instagram.com ""career coach"" ""book a call""']",
ABI CHAMPION,abichampionpt,https://www.instagram.com/abichampionpt/,141K,462,906,I like my meals to be the size of my head👩🏼 📩 abi@championcoaching.co.uk 👇 Buy my recipe ebook,,
Luka Rozajac - Online & Fitness Coach,lukarozajac,https://www.instagram.com/lukarozajac/,50K,748,"1,507",Ex-F1 Coach turning average men into weapons. Fat loss. Discipline. Structure. Weak men make excuses. Leaders execute. 👇🏻Apply below. No tourists.,,
Kesavan,kesavan70,https://www.instagram.com/kesavan70/,240K,394,"2,426",🏋🏽‍♂️தமிழன் 🇲🇾 🏋🏽‍♂️I transform people for a living 🌍,,
IFBB Pro,thecoreyupton,https://www.instagram.com/thecoreyupton/,20K,"4,164","2,927",💪🏾 I help clients lose body fat & gain muscle 📲 DM the word “TRANSFORM” to learn more 🏍️ Two wheels for life ✞ Ephesians 6:10-11,,
Michael Ballantine,trainermikeyy,https://secure.instagram.com/trainermikeyy?hl=pa,,,,,,
Daragh McDonnell,coachdaragh,https://www.instagram.com/coachdaragh/,"4,258","3,523","1,479","🚀Helping busy lads & new dads drop 6-12kg of fat, add 5-20kg to their lifts & get unstoppable energy in 90 days ⬇️Tap the link to apply",,
MIke Maslanka,simplified.fitness.1,https://www-fallback.instagram.com/simplified.fitness.1/,,,,,,
Marissa McDonald,trainwithmarissa,https://www.instagram.com/trainwithmarissa/,140K,"1,603","1,036",📍Chicago ▪️In Person & Online Coach ▪️I help women reach their fitness goals 💪🏽 ▪️Email me for in person training ⬇️,,
Lucy Chewins,lovelucyfit_,https://www.instagram.com/lovelucyfit_/?hl=en,55K,"2,868","1,753",Becoming my best self while helping you become yours ✨ @aybl LUCY10 @myprotein LUCYFIT 💌lhchewins@gmail.com BE COACHED BY ME👇🏻,['online coach in new work Instragram'],
Brian Donovan,online.fitness.coach,https://www.instagram.com/online.fitness.coach/,"3,633",395,694,See Instagram photos and videos from Brian Donovan | Online Coach (@ online . fitness . coach ),,
Dhruv Madaan ( Online Fitness Coach),dhruvfitness,https://www.instagram.com/dhruvfitness/?hl=en,,,,,,
Female Online Fitness Coach,kate_beyondfitness,https://www.instagram.com/kate_beyondfitness/?hl=en,,,,,,
Yoel Levy / The Jewish Fitness Coach,thejewishfitnesscoach,https://www.instagram.com/thejewishfitnesscoach/,267K,"4,600","2,877","Yoel Levy / The Jewish Fitness Coach (@thejewishfitnesscoach) on Instagram : ""💪 Proud Jew & Challah Lover 🏃‍♂️ Train with me @jfc. coaching 🧡 Bibas Batman Runner 🤘 🗣️ Booking 📧 teamyoel@marquis-mgt.com 18 day Summer Challenge ...",,
Hussein Farhat,hussein.fht,https://www.instagram.com/hussein.fht/,3M,792,"1,126",🇱🇧 23 | Lifetime Natural 🔱 🏋️‍♂️ I Help Men Achieve Their Dream Physique ◽️ Code “HUSSEIN” @momentus.apparel @youngla 🦾 1-ON-1 Mentorship ⬇️,,
Daniel Wai,thestrongwai,https://www.instagram.com/thestrongwai/,107K,700,505,C.S.C.S NASM CPT/CES/WFS certified #strongerlongerfaster,,
London Personal Trainer,mromg,https://www.instagram.com/mromg/,"7,231","4,759","2,186",Omar Mansour Elite Personal Trainer | Performance Coach | HYROX Athlete Founder: @track_life_ldn | @ptmastery,,
Fitness Coach/ Content Creator,evanfitness_nyc,https://www.instagram.com/evanfitness_nyc/,47K,"4,535","3,395",Model: @musemodelsnyc Actor: @ eristalentagency Theatrical: @vgpentertainment Coach : @thepack • Personal Trainer Content: @thebettscontent,,
NYC Fitness Trainer,antonybuilt,https://www.instagram.com/antonybuilt/,"1,203",893,187,⚜️I help young professionals lose fat and build lean muscle. ⚜️NASM-CPT ⚜️NASM-CNC ⚜️1 on 1 PT 💪🏽 (NYC) 📧Schedule a call with me ⬇️⬇️,,
Womens Fitness + Nutrition Coach,emmafituk_,https://www.instagram.com/emmafituk_/?hl=en,297K,"2,250","4,552","Health & fitness coach , on a mission to make fitness FUN + healthy eating taste GREAT🤌🏼 studying neuroscience 🧠🎓 Work with me⬇️ Empowered by @lenus.io",,
ELLIE DICKINSON,ellieexercise,https://www.instagram.com/ellieexercise/,"5,511","1,397",552,training for real life ☁️ founder of @letsrunchs @fpmovement + @jockofuel ambassador LINKS & COACHING ↓,,
Raymond Querido,theonlinecoach,https://www.instagram.com/theonlinecoach/,162K,531,13K,🇵🇭🇺🇸 I Help Busy Men & Women Get Lean Without The BS. Sustainable + Flexible @ghostlifestyle @945industries Code THEONLINECOACH ⬇️ APPLY/DM “ COACH ” ⬇️,,
Alfie Evans,aefitnessig,https://www.instagram.com/aefitnessig/reel/DDXqo3Bx7ub/,,,,,,
Steven M Wilson,therealstevenwilson,https://www.instagram.com/therealstevenwilson/,23K,"3,235",874,See Instagram photos and videos from Steven M Wilson | Celebreties Fitness Coach (@therealstevenwilson),,
TOM TROTTER,tomtrotter_,https://www.instagram.com/tomtrotter_/,815K,"4,552","2,499","Founder of @coachedtoscale Helping WOMEN feel confident, strong & proud with a proven process 1:1 Coaching DM me “TRANSFORM” ⬇️Join waitlist below⬇️",,
Christian Fleenor,christian.fleenor,https://www.instagram.com/christian.fleenor/?hl=en,1M,"1,499","4,179","Christian Fleenor | The #1 Online Fitness Coach & Trainer (@christian.fleenor) on Instagram : ""✝️God 1st 📉Drop 15-30lbs & Get Fit in 100 days 🔻Get Jacked w only 4hrs/per week 🤝DM “ COACH ” for Fit Consult 💬DM ”Source” for Peptides ...",,
MIRA,mira.edlund,https://www.instagram.com/mira.edlund/,"2,394","1,093",472,"Helping women build strength, confidence & consistency 100+ women coached Results without sacrificing social life @peakegirls | Apply for Coaching ⬇️",,
Pao Chávez // Online Fitness Coach,paochavez1,https://www.instagram.com/paochavez1/,"4,091","2,397","1,353",💪 Entrena conmigo en @paowerbypao 🚀+500 poderosas empoderadas 🥇 Coach en Fitness 🌍Amante de la vida | Gym| Viajera,,
Body Transformation Coach,brockashby,https://www.instagram.com/brockashby/?hl=en,279K,261,"4,041",💪 Online personal trainer @teambrockashby 👨🏻‍🔬 Science-backed methods Transform your body with me ⤵️,,
Nick Cheadle,nickcheadlefitness,https://www.instagram.com/nickcheadlefitness/,697K,"1,048","2,927","▪️ TeamON ▪️ Co-Owner @paragon.sp I help guys build the physique, confidence & lives they’ve always wanted. DM me ‘BUILD’ & let’s get started 🔥",,
Instagram,gauravmolri,https://www.instagram.com/gauravmolri/?hl=en,540K,626,"2,303",🌎Transformed 2245+ Busy Professionals 📖 @acefitness Certified Coach 💬 DM “Ready” to Transform 👇🏻 1:1 Coaching,,
"I do online coaching, but my foundation is real life coaching.",p,https://www.instagram.com/p/DUd7nmykfOu/,,,,,"['mindsets coach instagram', 'real state coaches instragram', 'real estate marketing coach instragram', 'online coach in new work Instragram', 'site:instagram.com ""career coach"" ""book a call""']",
Sean Casey,scaseyfitness,https://www.instagram.com/scaseyfitness/,2M,746,"1,634",👨‍🏫 Simple Recipes & Fitness Tips 📱 Owner of @scsocialcircle 🏋️‍♂️ Get Coached by Me @gleanapp 👇 Currently 50% Off My Recipe Bundle 👇,,
Sophie,loaf__,https://www.instagram.com/loaf__/,84K,516,923,I help midsize curvy girls build their curves & break the binge/restrict cycle🍑💪🏼@bodybyloaf Code ‘LOAF’ @wolfpak.official ONLINE COACHING ⬇️📍SATX,,
FITNESS COACH 🥇,fitness.coach.app,https://www.instagram.com/fitness.coach.app/,100K,"1,035",608,See Instagram photos and videos from FITNESS COACH 🥇 (@ fitness . coach .app),,
Yogesh Bhateja,yogeshfitness,https://www.instagram.com/yogeshfitness/,148K,"1,255","1,629",See Instagram photos and videos from Yogesh Bhateja | Celebrity Fitness Coach (@yogeshfitness),,
Stephanie Pantoja,stephsblessedd,https://www.instagram.com/stephsblessedd/,568K,"2,197",493,"CPT|PN nutritionist 🥗 I help women lose weight, use food as fuel & build confidence lifting @womensbest | code: Stephsblessed 1:1 online coaching ⬇️",,
Rich Yun,thekoreanhulk,https://www.instagram.com/thekoreanhulk/,,,,,,
Fitness Coach,herculeanbyswetasantanam,https://www.instagram.com/herculeanbyswetasantanam/?hl=en,22K,499,972,"Sweta Santanam | Fitness Coach (@herculeanbyswetasantanam) on Instagram : ""𝘾𝙚𝙧𝙩𝙞𝙛𝙞𝙚𝙙 𝘾𝙋𝘿 𝙋𝙞𝙡𝙖𝙩𝙚𝙨 𝙄𝙣𝙨𝙩𝙧𝙪𝙘𝙩𝙤𝙧 𝘾𝙋𝘿 𝙋𝙞𝙡𝙖𝙩𝙚𝙨 𝙋𝙧𝙚 & ...",,
André Carvalho,the_naturalcoach,https://www.instagram.com/the_naturalcoach/,836K,44,"2,840",🔥I help men and women 30+ build muscle & shred body fat with a sustainable lifestyle 🔻15000+ lives transformed since 2016 -78% OFF: annual package👇🏼,,
Fitness and Nutrition Coach,thewallstreettrainer,https://www.instagram.com/thewallstreettrainer/,"3,225",24,168,Main page @davidmillerfitness,,
Dan Go,danfounder,https://www.instagram.com/danfounder/,1M,317,"1,728","· # 1 fitness coach for entrepreneurs · Get lean, increase energy & build a confident body · JOIN 460K+ SUBSCRIBERS ON MY NEWSLETTER ↓",,
Hannah,hannahroyfit,https://www.instagram.com/hannahroyfit/,183K,"2,068","1,042",Modest fitness 🤍@simplyadornedactive 📍TN 💌 hannahroyfit@gmail.com ♡workouts + coaching ⬇️,,
Melissa Alcantara,fitgurlmel,https://www.instagram.com/fitgurlmel/,1M,"2,763","1,787",Helping Millions of women 35+ take control of their health and fitness 🤍 Trainer to Kim Kardashian FitGurl Method Coaching 👇🏽 Management va@vagencia.co,,
Fitness/Gym Motivation 💪,gym_online,https://www.instagram.com/gym_online/?hl=en,1M,4,"3,356",Ⓜ️Motivation🏋Training🥑Nutrition💫Inspiration 📬Business: advertisingfit@gmail.com 📲KIK: advertisingfit,,
,jc.fitness.coach,https://www.instagram.com/jc.fitness.coach/,"1,518",673,92,"@jc. fitness . coach on Instagram : ""🇲🇹🇦🇺 | Accredited Exercise Scientist 🏋🏻‍♂️🚀 𝗜 𝗛𝗲𝗹𝗽 𝗠𝗲𝗻 𝗕𝘂𝗶𝗹𝗱 𝗦𝘁𝗿𝗼𝗻𝗴𝗲𝗿 𝗕𝗼𝗱𝗶𝗲𝘀, 𝗨𝗻𝘀𝘁𝗼𝗽𝗽...",,
Stephanie- Vancouver Fitness Coach,stephanieannestewart,https://www.instagram.com/stephanieannestewart/,"1,712","2,660",911,See Instagram photos and videos from Stephanie- Vancouver Fitness Coach (@stephanieannestewart),,
PuNya 🇮🇳,punya_fit_,https://www.instagram.com/punya_fit_/,29K,866,163,📍Bnglr Helping women build sustainable lifestyle💪 Dm for Personal training @muscleblaze | PUNYAFITMB Managed by @opraahfx,,
Vishnu Sethuraj,vishnu_sethuraj,https://www.instagram.com/vishnu_sethuraj/,14K,"3,208",719,See Instagram photos and videos from Vishnu Sethuraj | FITNESS COACH (@vishnu_sethuraj),,
Amit Dahiya,coachamitdahiya,https://www.instagram.com/coachamitdahiya/,24K,26,925,12+ Years Experience Ambassador @reebokindia Co-Founder @6262fitness Train Online with me 👇🏻,,
Davin Choo,davinnnn,https://www.instagram.com/davinnnn/,99K,"1,843","1,158",ACE-CPT | ACSM-EIM certified 🧓 Elderly-exercise Certified @informedexercise Use DAVINMB @muscleblaze.sg Getting your parents to exercise? 👇,,
Juan Carlos Villeda,fitnesscoach.mx,https://www.instagram.com/fitnesscoach.mx/,16K,"1,545",990,Nutriólogo Deportivo 🍎 Dieta + 💪 Ejercicio Consultas presenciales y online 🌎 Cédula profesional: 13209774,,
Jack Hanrahan Fitness,jackhanrahanfitness,https://www.instagram.com/jackhanrahanfitness/,267K,926,"2,911","Rebuild Your Health & Physique ⬇️ “Smarter Training, Superior Results” 💪",,
Jeff Nippard,jeffnippard,https://www.instagram.com/jeffnippard/,4M,936,"2,573",Science-Based Bodybuilding ▫️ Owner @macrofactorapp ▫️ Training & Diet Plans ⤵️,,
Instagram,vincedelmonte,https://www.instagram.com/vincedelmonte/?hl=en,71K,"1,656","4,221",🌎 8-figure entrepreneur & Founder of Bedrock 🦅Helping successful men become solid in private 🔥 Disciplined. Unshakable. Grounded. Enter Bedrock ↓,,
Caroline Idiens,carolinescircuits,https://www.instagram.com/carolinescircuits/,2M,"1,071","2,591",💪🏻 PT 25 yrs 💻 Strength Training Coach at carolinescircuits.com 📕 ST Bestseller Fit At 50 📰 Columnist @telegraph 📧 carolinescircuits@mvetalent.com,,
Ali Khan,ali_khan_fitness,https://www.instagram.com/ali_khan_fitness/,111K,440,"1,064",I help Pakistanis worldwide get lean-without sacrificing their lifestyle. 🏆 1200+ transformations | 17+ yrs experience Only a few spots left for Eid↓,,
Srivatsa Raju,fitlifewithvatsa,https://www.instagram.com/fitlifewithvatsa/,48K,70,"1,476","Srivatsa Raju | High Accountability Indian Fitness Coach (@fitlifewithvatsa) on Instagram : ""🏋🏻‍♂️Helping Busy Indians Abroad Lose Fat & Keep It Off 📊 6–12 Month Structured, High-Accountability Coaching 📥 DM “NEW ME” to apply ...",,
Instagram,theonlinegym_,https://www.instagram.com/theonlinegym_/,,,,,,
Indian Fitness Trainer Online,parambodyfitmind,https://www.instagram.com/parambodyfitmind/,"9,081",106,136,"Online Personal Fitness Trainer and Nutritionist in India. Internationally Certified, 20+ Year's Experience Whatsapp +918146574532 Or Click 👇",,
Inigo,coachinigo,https://www.instagram.com/coachinigo/,25K,"2,069",479,Cert. Personal Trainer | PR Consultant New Manila / BGC / Makati DM for inquiries,,
Sanjib Ghosh,sanjibgh07,https://www.instagram.com/sanjibgh07/,16K,"2,663",536,Certified personal trainer Floor manager @gethingymskolkataslc Ibbff Mr India classicphysique 🥈 Ibbff Mr India bodybuilding 🥉 DM for collaboration.,,
Ocean Pacific Gym & Wellness,oceanpacificgym,https://secure.instagram.com/oceanpacificgym/?hl=da,,,,,,
Fitness Culture App,fitnessculturetraining,https://www.instagram.com/fitnessculturetraining/?hl=en,71K,43,801,"by @stevecook Train for any goal, anywhere, in as little as 30 minutes. Join the Summer Sizzle 🔥🔥🔥today ⬇️",,
Ashton Hall,ashtonhall,https://www.instagram.com/ashtonhall/?hl=en,,,,,,
"Elyssa Desai: Mindset Expert, Speaker & Coach",elyssadesaicoaching,https://www.instagram.com/elyssadesaicoaching/,"5,501","1,274",622,"Helping you build the confident, successful life you deserve. 💗ON MATERNITY LEAVE UNTIL LATE 2026 Feeling stuck? Watch The Reset (free masterclass) ⬇️",['mindsets coach instagram'],"5,501 Followers, 1,274 Following, 622 Posts - Elyssa Desai: Mindset Expert, Speaker & Coach (@elyssadesaicoaching) on Instagram : ""Helping you build the confident, successful life you deserve. 💗ON MATERNITY LEAVE UNTIL LATE 2026 Feeling stuck? Watch The Reset (free masterclass) ⬇️"""
Jude Daunt,judedauntcoaching,https://www.instagram.com/judedauntcoaching/,,,,,['mindsets coach instagram'],See Instagram photos and videos from Jude Daunt | Mindset Coach (@judedauntcoaching)
"Mikaela, MBA, ACC",mikaela.mindset.coach,https://www.instagram.com/mikaela.mindset.coach/,"1,143","2,154",48,"Wife • Mental Health Coach • Speaker 🫶🏼 I HELP perfectionists + people pleasers BUILD confidence + boundaries ✝️ FAITH based 🎓 MBA, BS-Psych, ACC-ICF",['mindsets coach instagram'],"1,143 Followers, 2,154 Following, 48 Posts - Mikaela, MBA, ACC | Mental Health Coach (@mikaela. mindset . coach ) on Instagram : ""Wife • Mental Health Coach • Speaker 🫶🏼 I HELP perfectionists + people pleasers BUILD confidence + boundaries ✝️ FAITH based 🎓 MBA, BS-Psych, ACC-ICF"""
Mindset & Performance Coach,therealjamesdunn,https://www.instagram.com/therealjamesdunn/?hl=en,,,,,['mindsets coach instagram'],See Instagram photos and videos from Mindset & Performance Coach (@therealjamesdunn)
tammie bennett,showupsociety,https://www.instagram.com/showupsociety/?hl=en,,,,,['mindsets coach instagram'],See Instagram photos and videos from tammie bennett (@showupsociety)
Mike Moor 🧠 Mindset Coach 🧠 The Unfair Advantage⚡️ ...,mindset_mike,https://www.instagram.com/mindset_mike/?hl=en,56,50,3,🔎 auf der Suche nach dem was wirklich zählt 🔓Prägungen verstehen und auflösen 📈Methoden für Veränderung und Wachstum,['mindsets coach instagram'],"56 Followers, 50 Following, 3 Posts - Mike | Mindset & Wachstum (@ mindset _mike) on Instagram : ""🔎 auf der Suche nach dem was wirklich zählt 🔓Prägungen verstehen und auflösen 📈Methoden für Veränderung und Wachstum"""
Mindset Coach,elitemindset_coaching,https://www.instagram.com/elitemindset_coaching/,,,,,['mindsets coach instagram'],See Instagram photos and videos from Mindset Coach | Matt Baxter (@elitemindset_ coaching )
"Vikram Dhar, Celebrity Business and Mindset Coach",vikram_dhar,https://www.instagram.com/vikram_dhar/,36K,2,414,"Celebrity Mindset Coach ICF MCC l NLP Master Trainer Founder @nlpcoachingacademy Top 30 NLP Trainers in the World Helping you think, lead, and win!",['mindsets coach instagram'],"36K Followers, 2 Following, 414 Posts - Vikram Dhar, Celebrity Business and Mindset Coach (@vikram_dhar) on Instagram : ""Celebrity Mindset Coach ICF MCC l NLP Master Trainer Founder @nlpcoachingacademy Top 30 NLP Trainers in the World Helping you think, lead, and win!"""
Emily,passionbased,https://www.instagram.com/passionbased/,173K,"1,263",637,🧠 Mindset & Life Coach ✨ sharing my thoughts & insights on self growth & life ✨,['mindsets coach instagram'],"173K Followers, 1,263 Following, 637 Posts - Emily | Mindset & Life Coach (@passionbased) on Instagram : ""🧠 Mindset & Life Coach ✨ sharing my thoughts & insights on self growth & life ✨"""
𝐌𝐢𝐧𝐝𝐬𝐞𝐭 𝐂𝐨𝐚𝐜𝐡,mindsetcoachjolo,https://www.instagram.com/mindsetcoachjolo/,,,,,['mindsets coach instagram'],See Instagram photos and videos from 𝐌𝐢𝐧𝐝𝐬𝐞𝐭 𝐂𝐨𝐚𝐜𝐡 (@mindsetcoachjolo)
Agnieszka Stykowska,champions.mindset.coach,https://www.instagram.com/champions.mindset.coach/,594,954,203,🏆 Mental Performance Lead | Pro Football & PlusLiga 🧠 Strategic Interventionist | Founder & CEO @championscoaching.eu 🚀 Maximising High-Stakes Goal,['mindsets coach instagram'],"594 Followers, 954 Following, 203 Posts - Agnieszka Stykowska (@champions. mindset . coach ) on Instagram : ""🏆 Mental Performance Lead | Pro Football & PlusLiga 🧠 Strategic Interventionist | Founder & CEO @championscoaching.eu 🚀 Maximising High-Stakes Goal"""
Mark Fennell,markfennell.ie,https://www.instagram.com/markfennell.ie/,436K,"1,771","1,392",👉I share advice for your life & profession Coaching mindsets for 20yrs📚Author🎤Speaker 📺Virgin-BBC-Newstalk Collab👉leisa@hosttalentgroup.com See here👇,['mindsets coach instagram'],"436K followers, 1,771 following, 1,392 posts – Mark Fennell | High Performance Coach (@markfennell.ie) on Instagram : ""👉I share advice for your life & profession Coaching mindsets for 20yrs📚Author🎤Speaker 📺Virgin-BBC-Newstalk Collab👉leisa@hosttalentgroup.com See here👇"""
Laura Wilkinson🥇Athlete Mindset & Performance Coach ...,lala_the_diver,https://www.instagram.com/lala_the_diver/?hl=en,20K,"3,310","3,490",🏆 Nerves happen. Confidence is built. 🧠 Mindset & Performance Coach 🥇 Olympic Champ | Emmy Winner 🎯 Take the Quiz: What Competitor Type Are You? ↓,['mindsets coach instagram'],"20K Followers, 3,310 Following, 3,490 Posts - Laura Wilkinson🥇Athlete Mindset & Performance Coach (@lala_the_diver) on Instagram : ""🏆 Nerves happen. Confidence is built. 🧠 Mindset & Performance Coach 🥇 Olympic Champ | Emmy Winner 🎯 Take the Quiz: What Competitor Type Are You? ↓"""
Instagram,online_mindset_coach,https://www.instagram.com/online_mindset_coach/,,,,,['mindsets coach instagram'],Create an account or log in to Instagram - Share what you're into with the people who get you.
Janey Holliday: Mindset & Energetics coach for women 💕,thewomensmindsetcoach,https://www.instagram.com/thewomensmindsetcoach/,22K,"1,120","3,036","Janey Holliday: Mindset & Energetics coach for women 💕 (@thewomensmindsetcoach) on Instagram : ""Rewire your mind 🧠Redesign your life 🌍 Return to Radiance 🪩 🪄Certified Clear The Fear practitioner NEW!",['mindsets coach instagram'],"22K Followers, 1,120 Following, 3,036 Posts - Janey Holliday: Mindset & Energetics coach for women 💕 (@thewomensmindsetcoach) on Instagram : ""Rewire your mind 🧠Redesign your life 🌍 Return to Radiance 🪩 🪄Certified Clear The Fear practitioner NEW!"
M.Lamont Jones The Mindset Coach ™️ ...,themindsetcoach,https://www.instagram.com/themindsetcoach/?hl=en,43K,"8,082","1,806",🚢 @mindsetyachtsmiami 📖 Relational Leadership Helping women elevate standards 📈Out-earn your problems 💄Get paid to use what you use 👇🏾Learn the system,['mindsets coach instagram'],"43K Followers, 8,082 Following, 1,806 Posts - M.Lamont Jones The Mindset Coach ™️ (@themindsetcoach) on Instagram : ""🚢 @mindsetyachtsmiami 📖 Relational Leadership Helping women elevate standards 📈Out-earn your problems 💄Get paid to use what you use 👇🏾Learn the system"""
Lindsey Wilson-Mindset & Mental Performance Coach ...,lindseypositiveperform,https://www.instagram.com/lindseypositiveperform/?hl=en,"5,892",729,"1,151","#1 Mental Performance Certification in the world 🎙 Mindset Coach Academy Podcast 🏀 Former Pro Baller +mom of 4 🔥Over 100 Coaches Certified, $2M+",['mindsets coach instagram'],"5,892 Followers, 729 Following, 1,151 Posts - Lindsey Wilson- Mindset & Mental Performance Coach (@lindseypositiveperform) on Instagram : ""#1 Mental Performance Certification in the world 🎙 Mindset Coach Academy Podcast 🏀 Former Pro Baller +mom of 4 🔥Over 100 Coaches Certified, $2M+"""
Instagram,instamindsetcoach,https://www.instagram.com/instamindsetcoach/,,,,,['mindsets coach instagram'],Create an account or log in to Instagram - Share what you're into with the people who get you.
Adele ∴ Business & Mindset Coach,conscious_mindset_coach,https://www.instagram.com/conscious_mindset_coach/,"1,947",5,807,♾️ Holistic Mindset & Business Coach 📚 20+ Years of Experience 🔥 Supporting leaders & high performers 🚀 Customized Growth Strategies 👇🏽 Apply Here,['mindsets coach instagram'],"1,947 Followers, 5 Following, 807 Posts - Adele ∴ Business & Mindset Coach (@conscious_ mindset _ coach ) on Instagram : ""♾️ Holistic Mindset & Business Coach 📚 20+ Years of Experience 🔥 Supporting leaders & high performers 🚀 Customized Growth Strategies 👇🏽 Apply Here"""
Mindset Coach Trainer,mindsetcoachacademy,https://www.instagram.com/mindsetcoachacademy/?hl=en,,,,,['mindsets coach instagram'],See Instagram photos and videos from Mindset Coach Trainer (@mindsetcoachacademy)
Break Free from Limiting Mindsets with a Mindset Coach,reel,https://www.instagram.com/reel/DPHBwWCESqI/,9M,30,5,,"['mindsets coach instagram', 'real state coaches instragram', 'real estate marketing coach instragram', 'site:instagram.com ""career coach"" ""book a call""']",We cannot provide a description for this page right now
Carol Gonzalez,mindsets_encrecimiento,https://www.instagram.com/mindsets_encrecimiento/,"4,472",826,711,"Coaching para mujeres que quieren transformar su mentalidad, hábitos y vida 🦋. Libros, autoconocimiento y acción consciente✨ Agenda tu sesión 👇🏾",['mindsets coach instagram'],"4,472 Followers, 826 Following, 711 Posts - Carol Gonzalez|Coach Profesional y mentora de vida🦋 (@ mindsets _encrecimiento) on Instagram : "" Coaching para mujeres que quieren transformar su mentalidad, hábitos y vida 🦋. Libros, autoconocimiento y acción consciente✨ Agenda tu sesión 👇🏾"""
Georgia,coachingwithgeorgia,https://www.instagram.com/coachingwithgeorgia/,667,"1,107",241,"Guiding you to a powerful mindset | Build self-awareness, resilience & goal-driven growth 💪",['mindsets coach instagram'],"667 Followers, 1,107 Following, 241 Posts - Georgia | Mindset Coach & Mentor (@coachingwithgeorgia) on Instagram : ""Guiding you to a powerful mindset | Build self-awareness, resilience & goal-driven growth 💪"""
Hina Khan,coachwithhina,https://www.instagram.com/coachwithhina/,87K,"3,471","1,342","📚Best-Selling Author | Self-Made Millionaire 🧠Former Psychotherapist | Host of Possibilities ✨Helping You Create More by Doing Less 📍Toronto, Ontario",['mindsets coach instagram'],"87K Followers, 3,471 Following, 1,342 Posts - Hina Khan | Go To Peak Performance Mindset Coach (@coachwithhina) on Instagram : ""📚Best-Selling Author | Self-Made Millionaire 🧠Former Psychotherapist | Host of Possibilities ✨Helping You Create More by Doing Less 📍Toronto, Ontario"""
Mind Coach,mindcoachpriyankarow,https://www.instagram.com/mindcoachpriyankarow/,"7,721","1,437",697,India’s 1st Self-Regulating Mind Coaching Therapy + Trauma-informed care + NLP 3500+ Hrs | 400+ case studies Founder @mindselfglobal Explore ↡,['mindsets coach instagram'],"7,721 followers, 1,437 following, 697 posts – Mind Coach | Priyanka Row (@mindcoachpriyankarow) on Instagram : ""India’s 1st Self-Regulating Mind Coaching Therapy + Trauma-informed care + NLP 3500+ Hrs | 400+ case studies Founder @mindselfglobal Explore ↡"""
Laura St John,laurastjohn_44,https://www.instagram.com/laurastjohn_44/,14K,"1,157","1,151",Stuck is *just* a feeling! Celebrity Mindset Coach 🛎️ practical manifesting tools ⬇️ NEW! Join My Free Community ✨ Cofounder Strong Confident Living,['mindsets coach instagram'],"14K Followers, 1,157 Following, 1,151 Posts - Laura St John (@laurastjohn_44) on Instagram : ""Stuck is *just* a feeling! Celebrity Mindset Coach 🛎️ practical manifesting tools ⬇️ NEW! Join My Free Community ✨ Cofounder Strong Confident Living"""
Nadia,mindsetworkscoaching,https://www.instagram.com/mindsetworkscoaching/,,,,,['mindsets coach instagram'],We cannot provide a description for this page right now
Alex ~ Mindset Coach 🇬🇧,alex_rudnicka,https://www.instagram.com/alex_rudnicka/?hl=en,,,,,['mindsets coach instagram'],See Instagram photos and videos from Alex ~ Mindset Coach 🇬🇧 (@alex_rudnicka)
MINDSET & LIFE COACH,mindsetorlando,https://www.instagram.com/mindsetorlando/,,,,,['mindsets coach instagram'],"13K seguidores, 4,080 siguiendo, 134 publicaciones - MINDSET & LIFE COACH | Clarissa (@mindsetorlando) en Instagram : ""Find Your Path to Joy | Passion | Meaning 🕊️Accepting New Clients 🏳️‍🌈 📩 DM to Apply ✨ Let’s Discover Strength in Vulnerability✨ #ᴍɪɴᴅsᴇᴛɪ..."
David Smith,mindset.soldier,https://www.instagram.com/mindset.soldier/,,,,,['mindsets coach instagram'],"259K seguidores, 3,978 siguiendo, 2,264 publicaciones - David Smith | experienced mindset coach (@ mindset .soldier) en Instagram : ""🙏🏻 GOD first ✝️ Philippians 4:13 💂🏻 Veteran 💂🏻‍♀️ M.I.D 🧠 Mindset / NLP Coach 📖 get my mindset journal below 👇🏻"""
alex.mindset.coach,alex.mindset.coach,https://www.instagram.com/alex.mindset.coach/,,,,,['mindsets coach instagram'],We cannot provide a description for this page right now
Olga Mindset Transformation Coach,olga.mindset.coach,https://www.instagram.com/olga.mindset.coach/,,,,,['mindsets coach instagram'],See Instagram photos and videos from Olga Mindset Transformation Coach (@olga. mindset . coach )
Rahul Kapoor,rahulkapoorlive,https://www.instagram.com/rahulkapoorlive/,201K,122,"1,047",India’s Leading Mindset Coach - Inspirational Speaker - Author of Workwise - Lessons in Excellence for Young Professionals.,['mindsets coach instagram'],"201K Followers, 122 Following, 1,047 Posts - Rahul Kapoor (@rahulkapoorlive) on Instagram : ""India’s Leading Mindset Coach - Inspirational Speaker - Author of Workwise - Lessons in Excellence for Young Professionals."""
Instagram,motivated.,https://www.instagram.com/motivated.mindset/?hl=en,2M,25,"2,017",Motivated Mindset (@motivated. mindset ) on Instagram :,['mindsets coach instagram'],"2M Followers, 25 Following, 2,017 Posts - Motivated Mindset (@motivated. mindset ) on Instagram : """""
Dana,dana_grinberga,https://www.instagram.com/dana_grinberga/?hl=en,,,,,['mindsets coach instagram'],See Instagram photos and videos from Dana | mindset & growth (@dana_grinberga)
Mindset Coach,staceylmyers,https://www.instagram.com/staceylmyers/,,,,,['mindsets coach instagram'],See Instagram photos and videos from Mindset Coach (@staceylmyers)
Life Coach,rational.mindset.coach,https://www.instagram.com/rational.mindset.coach/,,,,,['mindsets coach instagram'],"January 25, 2026 - See Instagram photos and videos from Life Coach (@rational. mindset . coach )"
Mindset and Self- Mastery Coach,unique.mindset.coach,https://www.instagram.com/unique.mindset.coach/,,,,,['mindsets coach instagram'],See Instagram photos and videos from Mindset and Self- Mastery Coach (@unique. mindset . coach )
Success & Self-Confidence Coach,lynseygracecoaching,https://www.instagram.com/lynseygracecoaching/,,,,,['mindsets coach instagram'],See Instagram photos and videos from Success & Self-Confidence Coach (@lynseygracecoaching)
Paul Sheppard Mindset Coach Mentor,mindsetchangeuk,https://www.instagram.com/mindsetchangeuk/?hl=en,,,,,['mindsets coach instagram'],See Instagram photos and videos from Paul Sheppard Mindset Coach Mentor (@mindsetchangeuk)
Instagram,robdialjr,https://www.instagram.com/robdialjr/?hl=en,2M,"1,136",11K,🎙️Host of The Mindset Mentor Podcast 📈Helping coaches scale to 6-figures 🎯Want a free game plan for your coaching biz? 👇Book your free strategy call 👇,['mindsets coach instagram'],"2M followers, 1,136 following, 11K posts – Rob Dial (@robdialjr) on Instagram : ""🎙️Host of The Mindset Mentor Podcast 📈Helping coaches scale to 6-figures 🎯Want a free game plan for your coaching biz? 👇Book your free strategy call 👇"""
Mindset,mindset,https://www.instagram.com/mindset/,45K,14,183,Build your mindset to succeed in life! Download our app,['mindsets coach instagram'],"45K Followers, 14 Following, 183 Posts - Mindset (@ mindset ) on Instagram : ""Build your mindset to succeed in life! Download our app"""
Mindset Coach Manju,mindsetcoach_manju,https://www.instagram.com/mindsetcoach_manju/,,,,,['mindsets coach instagram'],See Instagram photos and videos from Mindset Coach Manju (@mindsetcoach_manju)
mindset.coach.jojo,mindset.coach.jojo,https://www.instagram.com/mindset.coach.jojo/,,,,,['mindsets coach instagram'],We cannot provide a description for this page right now
Filipa Vieira,filipa.mindset.coach,https://www.instagram.com/filipa.mindset.coach/,,,,,['mindsets coach instagram'],See Instagram photos and videos from Filipa Vieira (@filipa. mindset . coach )
Fighters Mindset Coach,fighters.mindset.coach,https://www.instagram.com/fighters.mindset.coach/,,,,,['mindsets coach instagram'],We cannot provide a description for this page right now
EliteMindsets ®,elite.mindsets,https://www.instagram.com/elite.mindsets/,,,,,['mindsets coach instagram'],See Instagram photos and videos from EliteMindsets ® (@elite. mindsets )
Life Coach,billionaire.mindsets364,https://www.instagram.com/billionaire.mindsets364/reels/?__d=11+target%3D,,,,,['mindsets coach instagram'],We cannot provide a description for this page right now
the.mindset.coach.uk - The Empowered Hub,the.mindset.coach.uk,https://www.instagram.com/the.mindset.coach.uk/,,,,,['mindsets coach instagram'],We cannot provide a description for this page right now
~💸,work.mindsets,https://www.instagram.com/work.mindsets/,30K,22,139,See Instagram photos and videos from ~💸 (@work. mindsets ),['mindsets coach instagram'],"30K Followers, 22 Following, 139 Posts - See Instagram photos and videos from ~💸 (@work. mindsets )"
Madison Mindset,madison_mindset,https://www.instagram.com/madison_mindset/,,,,,['mindsets coach instagram'],"4,683 seguidores 1,040 seguidos, 546 publicaciones - Madison Mindset | Mindset Coach (@madison_ mindset ) en Instagram : "" Mindset & Spirituality Coach 🪻🌲 Yoga Teacher 🙏🏼 | Soul Mate @septerone 🎙️ “Nature Hold Me"" - over 3M downloads Coaching & Support ⬇️"""
"At Money Ready, we're shifting mindsets ...",moneyreadyuk,https://www.instagram.com/moneyreadyuk/p/DKzZ_N4NxCB/?hl=en,,,,,['mindsets coach instagram'],We cannot provide a description for this page right now
MINDSET THERAPY™,mindset.therapy,https://www.instagram.com/mindset.therapy/,11M,160,13K,The #1 Best Self Development Brand Partnerships 📩 info@mindsettherapy.com Grow Your IG 👉 @viralspot.ai,['mindsets coach instagram'],"11M Followers, 160 Following, 13K Posts - MINDSET THERAPY™ (@ mindset .therapy) on Instagram : ""The #1 Best Self Development Brand Partnerships 📩 info@mindsettherapy.com Grow Your IG 👉 @viralspot.ai"""
Trusted Performance Advisor,coachsadiq,https://www.instagram.com/coachsadiq/,"2,286","1,077","3,431",See Instagram photos and videos from Trusted Performance Advisor (@coachsadiq),['mindsets coach instagram'],"2,286 Followers, 1,077 Following, 3,431 Posts - See Instagram photos and videos from Trusted Performance Advisor (@coachsadiq)"
Instagram,mindsetsin,https://www.instagram.com/mindsetsin/,,,,,['mindsets coach instagram'],Create an account or log in to Instagram - Share what you're into with the people who get you.
The mindsets of the reigning @kiausa NBA MVP and ...,kiausa,https://www.instagram.com/p/DY0ARFfkQFn/,,,,,['mindsets coach instagram'],We cannot provide a description for this page right now
MindSet Solutions,mindsetsolutions,https://www.instagram.com/mindsetsolutions/,10K,40,37,"F&B Concept Creation | Management Support | Franchising | Trainings | CRM Marina Gate Tower, Naccache Highway, Beirut, Lebanon.",['mindsets coach instagram'],"10K Followers, 40 Following, 37 Posts - MindSet Solutions (@mindsetsolutions) on Instagram : ""F&B Concept Creation | Management Support | Franchising | Trainings | CRM Marina Gate Tower, Naccache Highway, Beirut, Lebanon."""
My Money Coach,mymoneycoach,https://www.instagram.com/mymoneycoach/,,,,,['mindsets coach instagram'],"1,434 seguidores 958 seguidos, 1,414 publicaciones - My Money Coach (@mymoneycoach) en Instagram : ""💸 empowering your financial future 📚 money tips they should've taught in school 🔗 free tools & guides"""
Money Coach,bissettfinfit,https://www.instagram.com/bissettfinfit/,"1,286","1,644","1,249",Tracey Bissett | Speaker | Podcast Host | Award Winning Financial Literacy Educator | Founder | Professor | Volunteer | Wife | Dog Mom |,['mindsets coach instagram'],"1,286 Followers, 1,644 Following, 1,249 Posts - Money Coach (@bissettfinfit) on Instagram : ""Tracey Bissett | Speaker | Podcast Host | Award Winning Financial Literacy Educator | Founder | Professor | Volunteer | Wife | Dog Mom |"""
Tony's success as a professional coach ...,onefluent,https://www.instagram.com/onefluent/reel/Cdd8la6JXwF/,,,,,['mindsets coach instagram'],We cannot provide a description for this page right now
Noreen,positive.mindset.coach,https://www.instagram.com/positive.mindset.coach/,"2,599","2,641",478,"For women stuck in overthinking & self-doubt I help you stop spiralling, shutting down & repeat the same patterns Follow if your mind won’t switch off",['mindsets coach instagram'],"2,599 Followers, 2,641 Following, 478 Posts - Noreen | Mindset & Anxiety Coach (@positive. mindset . coach ) on Instagram : ""For women stuck in overthinking & self-doubt I help you stop spiralling, shutting down & repeat the same patterns Follow if your mind won’t switch off"""
K E L L Y P A R K E R,kelly_e_parker,https://www.instagram.com/kelly_e_parker/,"3,497","1,771",404,Coaching women in real estate to build aligned & abundant businesses⚡️Top 1% Realtor & Founder @homecollective.re Work w/me👇🏻,"['real state coaches instragram', 'real estate marketing coach instragram']","3,497 Followers, 1,771 Following, 404 Posts - K E L L Y P A R K E R | Realtor + Coach + Business Mentor (@kelly_e_parker) on Instagram: "" Coaching women in real estate to build aligned & abundant businesses⚡️Top 1% Realtor & Founder @homecollective.re Work w/me👇🏻"""
The Atlanta Real Estate Coach,iamcoachwes,https://www.instagram.com/iamcoachwes/,"3,452","2,526",186,✨Private Chef for @candace.lynnea ✨Atlanta Realtor | $45M+ SOLD @compass ✨Christ-like Dating & Marriage Pod 🎙️ @the.guydline ✨Book Your Consultation,"['real state coaches instragram', 'real estate marketing coach instragram']","3,452 Followers, 2,526 Following, 186 Posts - The Atlanta Real Estate Coach (@iamcoachwes) on Instagram: ""✨Private Chef for @candace.lynnea ✨Atlanta Realtor | $45M+ SOLD @compass ✨Christ-like Dating & Marriage Pod 🎙️ @the.guydline ✨Book Your Consultation"""
Vikram Deol - Real Estate Sales Coach,coachvikramdeol,https://www.instagram.com/coachvikramdeol/?hl=en,12K,"1,564","3,105",See Instagram photos and videos from Vikram Deol - Real Estate Sales Coach (@coachvikramdeol),['real state coaches instragram'],"12K Followers, 1,564 Following, 3,105 Posts - See Instagram photos and videos from Vikram Deol - Real Estate Sales Coach (@coachvikramdeol)"
Real Estate Coach Stacie,thisisstaciepeterson,https://www.instagram.com/thisisstaciepeterson/,,,,,"['real state coaches instragram', 'real estate marketing coach instragram']",See Instagram photos and videos from Real Estate Coach Stacie (@thisisstaciepeterson)
Real Estate Coach/ Melissa Thompson,themelissathompson,https://www.instagram.com/themelissathompson/,,,,,['real state coaches instragram'],We cannot provide a description for this page right now
"Real Estate Agent, Coach & Investor",marissaboyle_rei,https://www.instagram.com/marissaboyle_rei/,,,,,['real state coaches instragram'],"See Instagram photos and videos from Real Estate Agent, Coach & Investor (@marissaboyle_rei)"
Instagram,realestatecoachlaura,https://www.instagram.com/realestatecoachlaura/?hl=en,,,,,['real state coaches instragram'],"Welcome back to Instagram. Sign in to see what your friends, family and interests have been capturing and sharing around the world."
Krista Mashore,kristamashore,https://www.instagram.com/kristamashore/?hl=en,94K,"3,140","3,254","Krista Mashore✨ | Real Estate AI Coach Sold 2,300+ homes. $74M Coaching Biz Teaching Agents To Be The Obvious Choice📲 DM “AGENT” For My Free Training","['real state coaches instragram', 'real estate marketing coach instragram']","94K Followers, 3,140 Following, 3,254 Posts - Krista Mashore (@kristamashore) on Instagram: ""Krista Mashore✨ | Real Estate AI Coach Sold 2,300+ homes. $74M Coaching Biz Teaching Agents To Be The Obvious Choice📲 DM “AGENT” For My Free Training"""
Jen Percival,women_rocking_real_estate,https://www.instagram.com/women_rocking_real_estate/,22K,805,374,"I’ll help you start, grow & scale a real estate business you’re proud of ▪️eXp Realty®▪️Podcast Host ▪️ Certified Master NeuroCoach™","['real state coaches instragram', 'real estate marketing coach instragram']","22K Followers, 805 Following, 374 Posts - Jen Percival (@women_rocking_ real _estate) on Instagram: ""I’ll help you start, grow & scale a real estate business you’re proud of ▪️eXp Realty®▪️Podcast Host ▪️ Certified Master NeuroCoach™"""
Real Estate Business Coach,coachemilyterrell,https://www.instagram.com/coachemilyterrell/?hl=en,"7,771",934,"1,436",,"['real state coaches instragram', 'real estate marketing coach instragram']",See Instagram photos and videos from Real Estate Business Coach (@coachemilyterrell)
Real Estate Coach,propertygrabbers,https://www.instagram.com/propertygrabbers/,,,,,['real state coaches instragram'],See Instagram photos and videos from Real Estate Coach (@propertygrabbers)
patriciakiteke - Coach to Real Estate Agents,patriciakiteke,https://www.instagram.com/patriciakiteke/,,,,,['real state coaches instragram'],"Welcome back to Instagram. Sign in to see what your friends, family and interests have been capturing and sharing around the world."
Jason Pantana,jasonpantana,https://www.instagram.com/jasonpantana/,72K,"1,443","1,479",🎯 Marketing + AI for real estate pros and entrepreneurs 🤖 Co-Founder: Ai Marketing Academy 🙌 Free tools & trainings⤵️ 🎤 Speaker/Creator/Consultant,"['real state coaches instragram', 'real estate marketing coach', 'real estate marketing coach instragram']","72K Followers, 1,443 Following, 1,479 Posts - Jason Pantana | Marketing + AI for Real Estate (@jasonpantana) on Instagram: ""🎯 Marketing + AI for real estate pros and entrepreneurs 🤖 Co-Founder: Ai Marketing Academy 🙌 Free tools & trainings⤵️ 🎤 Speaker/Creator/Consultant"""
your favorite real estate coach.,chad.goldwasser,https://www.instagram.com/reel/DI2NfXNS5v5/,,,,,['real state coaches instragram'],We cannot provide a description for this page right now
Andy Nazaroff,anazaroff,https://www.instagram.com/anazaroff/,"2,846","3,749",637,Helping real estate teams & loan officers grow fast Coach | Broker | Biz Dev for RE & Mortgage Dad of 3 | Jesus Follower DM me to grow your team,"['real state coaches instragram', 'real estate marketing coach instragram']","2,846 Followers, 3,749 Following, 637 Posts - Andy Nazaroff | Real Estate Coach (@anazaroff) on Instagram: ""Helping real estate teams & loan officers grow fast Coach | Broker | Biz Dev for RE & Mortgage Dad of 3 | Jesus Follower DM me to grow your team"""
Keely Capel-Real Estate Coach,keelycapel,https://www.instagram.com/keelycapel/,556,412,619,Real estate coach for women Extensive broker experience managing a team of 60+ agents I will help you scale 📈 your business Book a call with me now,"['real state coaches instragram', 'real estate marketing coach instragram']","556 Followers, 412 Following, 619 Posts - Keely Capel- Real Estate Coach (@keelycapel) on Instagram: "" Real estate coach for women Extensive broker experience managing a team of 60+ agents I will help you scale 📈 your business Book a call with me now"""
Real Estate Coach,coachdenizyusuf,https://www.instagram.com/coachdenizyusuf/?hl=en,,,,,"['real state coaches instragram', 'real estate marketing coach instragram']",See Instagram photos and videos from Real Estate Coach (@coachdenizyusuf)
racheladamslee,racheladamslee,https://www.instagram.com/racheladamslee/?hl=en,131K,"5,518","4,463",See Instagram photos and videos from 𝐑𝐚𝐜𝐡𝐞𝐥 𝐀𝐝𝐚𝐦𝐬 𝐋𝐞𝐞 | 𝐓𝐨𝐩 1000 𝐑𝐞𝐚𝐥𝐭𝐨𝐫 & 𝐁𝐮𝐬𝐢𝐧𝐞𝐬𝐬 𝐂𝐨𝐚𝐜𝐡 (@racheladamslee),['real state coaches instragram'],"131K Followers, 5,518 Following, 4,463 Posts - See Instagram photos and videos from 𝐑𝐚𝐜𝐡𝐞𝐥 𝐀𝐝𝐚𝐦𝐬 𝐋𝐞𝐞 | 𝐓𝐨𝐩 1000 𝐑𝐞𝐚𝐥𝐭𝐨𝐫 & 𝐁𝐮𝐬𝐢𝐧𝐞𝐬𝐬 𝐂𝐨𝐚𝐜𝐡 (@racheladamslee)"
Instagram,modernjeffruby,https://www.instagram.com/modernjeffruby/,,,,,['real state coaches instragram'],"Welcome back to Instagram. Sign in to see what your friends, family and interests have been capturing and sharing around the world."
Tom Ferry 🌎,tomferry,https://www.instagram.com/tomferry/,336K,"2,132","6,746",See Instagram photos and videos from Tom Ferry 🌎 (@tomferry),"['real state coaches instragram', 'real estate marketing coach instragram']","336K Followers, 2,132 Following, 6,746 Posts - See Instagram photos and videos from Tom Ferry 🌎 (@tomferry)"
Stacey Mucha Lamb,staceymucharealtor,https://www.instagram.com/staceymucharealtor/,,,,,"['real state coaches instragram', 'real estate marketing coach instragram']",See Instagram photos and videos from Stacey Mucha Lamb (@staceymucharealtor)
Real Estate Coach,coachpamobryant,https://www.instagram.com/coachpamobryant/,,,,,"['real state coaches instragram', 'real estate marketing coach instragram']",See Instagram photos and videos from Real Estate Coach (@coachpamobryant)
Jessica Woodbeck,jesswoodbeck,https://www.instagram.com/jesswoodbeck/p/DDSG9dIuAUP/,,,,,['real state coaches instragram'],We cannot provide a description for this page right now
Real Estate Coach,highimpactrealtor,https://www.instagram.com/highimpactrealtor/,,,,,"['real state coaches instragram', 'real estate marketing coach instragram']",See Instagram photos and videos from Real Estate Coach (@highimpactrealtor)
Photo by Alexis Bolin,bolinalexis,https://www.instagram.com/p/DYOtH7ox2cT/,,,,,"['real state coaches instragram', 'real estate marketing coach instragram']",We cannot provide a description for this page right now
Charity Messaoudi - Elite Real Estate Coach & Mentor ...,charity.messaoudi,https://www.instagram.com/charity.messaoudi/reel/DAUUfTQPP97/,,,,,['real state coaches instragram'],We cannot provide a description for this page right now
Josh Ries,realestatebrokerjosh,https://www.instagram.com/realestatebrokerjosh/,,,,,['real state coaches instragram'],We cannot provide a description for this page right now
Tyler Thomas,tyler.realtor.coach,https://www.instagram.com/tyler.realtor.coach/,,,,,['real state coaches instragram'],See Instagram photos and videos from Tyler Thomas (@tyler.realtor. coach )
"Yoana Nin, Business woman &kick ass Life Coach",yoananin,https://www.instagram.com/yoananin/reel/C_GTeZwOIPd/,,,,,['real state coaches instragram'],We cannot provide a description for this page right now
"🍞 As a real estate agent, I'm constantly exploring the local ...",homesbycarriethompson,https://www.instagram.com/homesbycarriethompson/p/C3LF5fFMZEm/,,,,,['real state coaches instragram'],We cannot provide a description for this page right now
Online Business Coach & Real Estate Investor,jennapeterson,https://www.instagram.com/jennapeterson/,130K,454,"3,234","Business Coach who got tired of grinding so I built recurring revenue 💰 Baby 3 + Farm coming soon 🫶🏻 Eagle, Idaho Realtor + Digital Product Expert",['real estate marketing coach'],"130K Followers, 454 Following, 3,234 Posts - Online Business Coach & Real Estate Investor (@jennapeterson) on Instagram: ""Business Coach who got tired of grinding so I built recurring revenue 💰 Baby 3 + Farm coming soon 🫶🏻 Eagle, Idaho Realtor + Digital Product Expert"""
Moms in Real Estate Coach,realestatemomcoach,https://www.instagram.com/realestatemomcoach/,57K,"3,911","2,396","I coach realtor moms to build big without sacrificing the life they built it for - Founder, MOMward. $190M RE business 600 Members and Counting 👇🏻",['real estate marketing coach instragram'],"57K Followers, 3,911 Following, 2,396 Posts - Moms in Real Estate Coach | Taley Hunt (@realestatemomcoach) on Instagram: ""I coach realtor moms to build big without sacrificing the life they built it for - Founder, MOMward. $190M RE business 600 Members and Counting 👇🏻"""
Dr Amol Mourya - Real Estate Coach,realestatewithdr.amol,https://www.instagram.com/realestatewithdr.amol/,45K,408,"1,719","Dr Amol Mourya - Real Estate Coach | Author | Entrepreneur (@realestatewithdr.amol) on Instagram: ""🇮🇳1st PhD in Real Estate 🎯 On a Mission to Empower 1L+ CPs, Investors & Builders 🇮🇳 & Asia Book of Records🏆 Asia's Best Real estate ...",['real estate marketing coach instragram'],"45K followers, 408 following, 1,719 posts – Dr Amol Mourya - Real Estate Coach | Author | Entrepreneur (@realestatewithdr.amol) on Instagram: ""🇮🇳1st PhD in Real Estate 🎯 On a Mission to Empower 1L+ CPs, Investors & Builders 🇮🇳 & Asia Book of Records🏆 Asia's Best Real estate ..."
𝐌𝐞𝐠𝐚𝐧 𝐁𝐨𝐮𝐫𝐪𝐮𝐞,realestateyyc_,https://www.instagram.com/realestateyyc_/,"5,533","1,701",173,📈 | Real Estate Coach #Canada 🏠 | REALTOR®️ #Calgary #AB ❤️ | @maxwellrealty_ Enthusiast,['real estate marketing coach instragram'],"5,533 Followers, 1,701 Following, 173 Posts - 𝐌𝐞𝐠𝐚𝐧 𝐁𝐨𝐮𝐫𝐪𝐮𝐞 | ℝ𝔼𝔸𝕃 ESTATE mentorship (@realestateyyc_) on Instagram: ""📈 | Real Estate Coach #Canada 🏠 | REALTOR®️ #Calgary #AB ❤️ | @maxwellrealty_ Enthusiast"""
Ben Oosterveld - Mindset & Systems Real Estate Coach,benoosterveld,https://www.instagram.com/benoosterveld/,"5,872","1,552","3,461",CEO of a Real Estate Reboot Coaching . Helping agents go from $200k to well over $1M🔥 without loosing work life balance. (NEW CONTENT DAILY),['real estate marketing coach instragram'],"5,872 Followers, 1,552 Following, 3,461 Posts - Ben Oosterveld - Mindset & Systems Real Estate Coach (@benoosterveld) on Instagram: ""CEO of a Real Estate Reboot Coaching . Helping agents go from $200k to well over $1M🔥 without loosing work life balance. (NEW CONTENT DAILY)"""
Alexis Valladares,alexisvalladaress,https://www.instagram.com/alexisvalladaress/,112K,"5,322","2,435",🏆 #1 Real Estate Sales Coach 🌎 Spoke at 350+ Events Worldwide 💰 Turn Cold Calls → Listings 🚀 Free Cold Calling Training ⤵️,['real estate marketing coach instragram'],"112K Followers, 5,322 Following, 2,435 Posts - Alexis Valladares | Real Estate Sales Coach (@alexisvalladaress) on Instagram: ""🏆 #1 Real Estate Sales Coach 🌎 Spoke at 350+ Events Worldwide 💰 Turn Cold Calls → Listings 🚀 Free Cold Calling Training ⤵️"""
Sarahdweaver - Real Estate Coach - Instagram,sarahdweaver,https://www.instagram.com/sarahdweaver/?hl=en,20K,"3,291","1,960",🎖️ For high earners who want to invest smarter 💥 20 units | 59 countries | 7 continents 💰 Real Estate Investing Expert | Author 👇 FREE WEBINAR BELOW,['real estate marketing coach instragram'],"20K Followers, 3,291 Following, 1,960 Posts - Real Estate Coach | Speaker | Author (@sarahdweaver) on Instagram: ""🎖️ For high earners who want to invest smarter 💥 20 units | 59 countries | 7 continents 💰 Real Estate Investing Expert | Author 👇 FREE WEBINAR BELOW"""
Real Estate Coach,realestate.with.kelly,https://www.instagram.com/realestate.with.kelly/,"2,744","3,720","1,948",CLICK BELOW FOR THE #ListingSuccessAcademy Kelly Johnston 👋🏻 Vancouver BC 📍 I help real estate agents for FREE 💪🏻 REALTOR 🏡 @happyhomesbc,['real estate marketing coach instragram'],"2,744 Followers, 3,720 Following, 1,948 Posts - Real Estate Coach (@realestate.with.kelly) on Instagram: ""CLICK BELOW FOR THE #ListingSuccessAcademy Kelly Johnston 👋🏻 Vancouver BC 📍 I help real estate agents for FREE 💪🏻 REALTOR 🏡 @happyhomesbc"""
Kelsie Blevins,_k.elsie,https://www.instagram.com/_k.elsie/,116K,"2,525",292,🏆Ranked 1% | #1 Go to for Maximum Exposure Marketing 📍NC • Hickory • Surrounding 📲 828-221-6070 Real Estate Expert - Builders•Buyers•Sellers Reviews🔗↓,['real estate marketing coach instragram'],"116K Followers, 2,525 Following, 292 Posts - Kelsie Blevins | REALTOR®️ (@_k.elsie) on Instagram: ""🏆Ranked 1% | #1 Go to for Maximum Exposure Marketing 📍NC • Hickory • Surrounding 📲 828-221-6070 Real Estate Expert - Builders•Buyers•Sellers Reviews🔗↓"""
Realtor.com,realtordotcom,https://www.instagram.com/realtordotcom/?hl=en,677K,586,"2,574","Obsessed with homes, too? ❤️ Follow for: 🏡Homebuying tips 💡 Real estate updates ✨Home inspo 🤪 Wild listings + more!",['real estate marketing coach instragram'],"677K Followers, 586 Following, 2,574 Posts - Realtor.com (@realtordotcom) on Instagram: ""Obsessed with homes, too? ❤️ Follow for: 🏡Homebuying tips 💡 Real estate updates ✨Home inspo 🤪 Wild listings + more!"""
Glory - Remote Jobs,theremoteworkqueen,https://www.instagram.com/theremoteworkqueen/,,,,,['online coach in new work Instragram'],We cannot provide a description for this page right now
Muna Shakour,inside_out_with_muna,https://www.instagram.com/inside_out_with_muna/,79K,"1,417","1,690",I help rising # coaches share their message and grow their business & personal brand online ❤️,['online coach in new work Instragram'],"79K Followers, 1,417 Following, 1,690 Posts - Muna Shakour | Business Coach for Coaches (@inside_out_with_muna) on Instagram: ""I help rising # coaches share their message and grow their business & personal brand online ❤️"""
Mashi Peiris,mashipeirisofficial,https://www.instagram.com/mashipeirisofficial/,,,,,['online coach in new work Instragram'],See Instagram photos and videos from Mashi Peiris | Online Business Coach (@mashipeirisofficial)
COACHED BY LIAM,coachedbyliam,https://www.instagram.com/coachedbyliam/?hl=en-gb,,,,,['online coach in new work Instragram'],See Instagram photos and videos from COACHED BY LIAM | ONLINE COACH (@coachedbyliam)
Lisa Bean / UK Online Business Coach + Speaker,lisabeanuk,https://www.instagram.com/lisabeanuk/,"3,008",331,"1,025","Business Coach & Speaker: Showing you how to scale your business properly using thought leadership, and online sales and marketing approaches.",['online coach in new work Instragram'],"3,008 Followers, 331 Following, 1,025 Posts - Lisa Bean / UK Online Business Coach + Speaker (@lisabeanuk) on Instagram: ""Business Coach & Speaker: Showing you how to scale your business properly using thought leadership, and online sales and marketing approaches."""
Aminder Singh,onlinetrainingcoach,https://www.instagram.com/onlinetrainingcoach/,117K,64,"4,123",Founder @teamaminder @fitpathshala 🏆 3× Best Online Coaching 33+ yrs biomechanics expert Pain-free strength | Natural results 🌍 ⬇️ WhatsApp to join ⬇️,['online coach in new work Instragram'],"117K Followers, 64 Following, 4,123 Posts - Aminder Singh | Biomechanics Expert (@onlinetrainingcoach) on Instagram: ""Founder @teamaminder @fitpathshala 🏆 3× Best Online Coaching 33+ yrs biomechanics expert Pain-free strength | Natural results 🌍 ⬇️ WhatsApp to join ⬇️"""
Carinda Gosling,this_is_carinda,https://www.instagram.com/this_is_carinda/,"3,554",91,87,See Instagram photos and videos from Carinda Gosling | Digital Product + Online Business Coach (@this_is_carinda),['online coach in new work Instragram'],"3,554 Followers, 91 Following, 87 Posts - See Instagram photos and videos from Carinda Gosling | Digital Product + Online Business Coach (@this_is_carinda)"
Online business coach,releaseyourpotentialwithin,https://www.instagram.com/releaseyourpotentialwithin/,,,,,['online coach in new work Instragram'],See Instagram photos and videos from Online business coach (@releaseyourpotentialwithin)
🚀 Brian Fryer,coach_fryer,https://www.instagram.com/coach_fryer/,,,,,['online coach in new work Instragram'],"48K seguidores, 973 siguiendo, 3,541 publicaciones - 🚀 Brian Fryer | Online Business Coach | IG Growth & Sales (@ coach _fryer) en Instagram: ""💰Creator of the GNC Method for Simple Content & Fast Sales 🚀 Network Marketers | Coaches | Creators ⤵️ Apply for Mastermind Below"""
ONLINE BUSINESS COACH,raghavnarula3,https://www.instagram.com/raghavnarula3/,53K,735,122,Building My Empire ⚜️ . 🇮🇳 || ✈️ 🇨🇭🇹🇭🇮🇹🇭🇷🇪🇺🇫🇷🇰🇿🇻🇦 @manifestwithraghav ❤️,['online coach in new work Instragram'],"53K Followers, 735 Following, 122 Posts - RAGHAV NARULA (@raghavnarula3) on Instagram: ""Building My Empire ⚜️ . 🇮🇳 || ✈️ 🇨🇭🇹🇭🇮🇹🇭🇷🇪🇺🇫🇷🇰🇿🇻🇦 @manifestwithraghav ❤️"""
Online Business Coach,lisa.torres.official,https://www.instagram.com/lisa.torres.official/,,,,,['online coach in new work Instragram'],See Instagram photos and videos from Online Business Coach (@lisa.torres.official)
Jot Virk-Online Business Coach,jotvirkonlinebusinesscoach,https://www.instagram.com/jotvirkonlinebusinesscoach/,,,,,['online coach in new work Instragram'],We cannot provide a description for this page right now
Instagram,coach_work_postive_,https://www.instagram.com/coach_work_postive_/,,,,,['online coach in new work Instragram'],Create an account or log in to Instagram - Share what you're into with the people who get you.
Coach,coach,https://www.instagram.com/coach/?hl=en,8M,728,"8,488",Sharing the #CourageToBeReal since 1941. #CoachNY #CoachOutlet,['online coach in new work Instragram'],"May 20, 2026 - 8M Followers, 728 Following, 8,488 Posts - Coach (@ coach ) on Instagram: ""Sharing the #CourageToBeReal since 1941. #CoachNY #CoachOutlet"""
Instagram,coach_format,https://www.instagram.com/coach_format/,,,,,['online coach in new work Instragram'],Create an account or log in to Instagram - Share what you're into with the people who get you.
gervacewilliam - Digital Entrepreneur,gervacewilliam,https://www.instagram.com/gervacewilliam/,,,,,['online coach in new work Instragram'],We cannot provide a description for this page right now
The Career Coach Podcast,itsccpodcast,https://www.instagram.com/itsccpodcast/,,,,,"['site:instagram.com ""career coach"" ""book a call""']",See Instagram photos and videos from The Career Coach Podcast (@itsccpodcast)
Instagram,mirella.career.coach,https://www.instagram.com/mirella.career.coach/,,,,,"['site:instagram.com ""career coach"" ""book a call""']",Create an account or log in to Instagram - Share what you're into with the people who get you.
Emily Liou 🌱 Certified Career Coach,cultivitae,https://www.instagram.com/cultivitae/,34K,"1,589","1,462",Coaching career women who’ve outgrown their jobs get clear on their next aligned career direction in 90 days. FREE Masterclass👇🏼,"['site:instagram.com ""career coach"" ""book a call""']","34K followers, 1,589 following, 1,462 posts – Emily Liou 🌱 Certified Career Coach (@cultivitae) on Instagram: "" Coaching career women who’ve outgrown their jobs get clear on their next aligned career direction in 90 days. FREE Masterclass👇🏼"""
Terry Jones,trainerterryjones,https://www.instagram.com/trainerterryjones/,303K,662,"1,370",💼 I coach professionals into six-figure career pivots & promotions 💰 Clients landed leadership roles & 5-figure raises Get a Free Strategy Session👇🏽,"['site:instagram.com ""career coach"" ""book a call""']","303K Followers, 662 Following, 1,370 Posts - Terry Jones | Certified Career Coach (@trainerterryjones) on Instagram: ""💼 I coach professionals into six-figure career pivots & promotions 💰 Clients landed leadership roles & 5-figure raises Get a Free Strategy Session👇🏽"""
Dan • UX Career Coach,uxcareersecrets,https://www.instagram.com/uxcareersecrets/?hl=en,,,,,"['site:instagram.com ""career coach"" ""book a call""']",See Instagram photos and videos from Dan • UX Career Coach (@uxcareersecrets)
Meghana Kamdar,meghanakamdar,https://www.instagram.com/meghanakamdar/,624,823,441,Helping multicultural families move to Portugal in 12 months without extra funds or the ‘right job’ 🇵🇹 Save $$$$ & 100s of hours ⬇️ Book 1:1 Call now,"['site:instagram.com ""career coach"" ""book a call""']","624 followers, 823 following, 441 posts – Meghana Kamdar | Move Abroad Coach (@meghanakamdar) on Instagram: ""Helping multicultural families move to Portugal in 12 months without extra funds or the ‘right job’ 🇵🇹 Save $$$$ & 100s of hours ⬇️ Book 1:1 Call now"""
KenColeman calls himself “America's Career Coach ...,guy.raz,https://www.instagram.com/guy.raz/p/CW8droHhfzP/,,,,,"['site:instagram.com ""career coach"" ""book a call""']",We cannot provide a description for this page right now
Madeline Mann - Career Coach,self.made.millennial,https://www.instagram.com/self.made.millennial/,49K,866,"1,449",Turning Job Seekers into Job Shoppers. 🍊Ft. on @abcnews @bloombergbusiness @forbes Tiktok: 430k+ YouTube: 400k+ LinkedIn: 200k+ 📍LA & NYC 👇Links,"['site:instagram.com ""career coach"" ""book a call""']","49K Followers, 866 Following, 1,449 Posts - Madeline Mann - Career Coach (@self.made.millennial) on Instagram: ""Turning Job Seekers into Job Shoppers. 🍊Ft. on @abcnews @bloombergbusiness @forbes Tiktok: 430k+ YouTube: 400k+ LinkedIn: 200k+ 📍LA & NYC 👇Links"""
Kelly Moser,kelly_moser_,https://www.instagram.com/kelly_moser_/,704,334,"1,493",Leadership Coach & Keynote Speaker Author of Move Your BUT 📖 Coming Soon Helping leaders get out of their own way 👇 Free resources + book info,"['site:instagram.com ""career coach"" ""book a call""']","704 Followers, 334 Following, 1,493 Posts - Kelly Moser | Leadership Coach (@kelly_moser_) on Instagram: ""Leadership Coach & Keynote Speaker Author of Move Your BUT 📖 Coming Soon Helping leaders get out of their own way 👇 Free resources + book info"""
Career Coach Kenya,careercoach_kenya,https://www.instagram.com/careercoach_kenya/,,,,,"['site:instagram.com ""career coach"" ""book a call""']",See Instagram photos and videos from Career Coach Kenya (@careercoach_kenya)
Laura Leuillier,project.dialogue,https://www.instagram.com/project.dialogue/,"5,928","2,600",588,"Helping you build a fun, purposeful & profitable career 🔥Bold moves, better jobs 👏200+ success stories 💻Ft. @businessinsider @linkedinnews GO ⬇️","['site:instagram.com ""career coach"" ""book a call""']","5,928 Followers, 2,600 Following, 588 Posts - Laura Leuillier | Career Coach & Personal Brand Strategist (@project.dialogue) on Instagram: ""Helping you build a fun, purposeful & profitable career 🔥Bold moves, better jobs 👏200+ success stories 💻Ft. @businessinsider @linkedinnews GO ⬇️"""
Natalie Doherty,stickymatcoaching,https://www.instagram.com/stickymatcoaching/,,,,,"['site:instagram.com ""career coach"" ""book a call""']",See Instagram photos and videos from Natalie Doherty | Career Clarity Coach (@stickymatcoaching)
Career Coach for Underfulfilled Overachievers™️,meganhellerer,https://www.instagram.com/meganhellerer/,"4,679","2,621",487,"🚫You don’t have to choose btwn girlboss+tradwife 🤝Where success meets fulfillment 📖AuthorDIRECTIONAL LIVING 📢NYmag,Guardian,Oprah,FastCo+ ⬇️Start here","['site:instagram.com ""career coach"" ""book a call""']","4,679 Followers, 2,621 Following, 487 Posts - Career Coach for Underfulfilled Overachievers™️ (@meganhellerer) on Instagram: ""🚫You don’t have to choose btwn girlboss+tradwife 🤝Where success meets fulfillment 📖AuthorDIRECTIONAL LIVING 📢NYmag,Guardian,Oprah,FastCo+ ⬇️Start here"""
SBA Career Coach,sba_career_coach,https://instagram.com/sba_career_coach,,,,,"['site:instagram.com ""career coach"" ""book a call""']",See Instagram photos and videos from SBA Career Coach (@sba_ career _ coach )
Got an appointment with a career coach? Here's where to ...,uva_studentcareers,https://www.instagram.com/uva_studentcareers/reel/DGTE5EKovbd/,,,,,"['site:instagram.com ""career coach"" ""book a call""']",We cannot provide a description for this page right now
Liora 🌈✨ ADHD Career Coach,ohheyitsliora,https://www.instagram.com/ohheyitsliora/,13K,"3,455",453,💖 “guidance counselor” for grown-up queer kids 💖 ✨intentional job search tips & AuDHD advice✨ 🌈Founder @colorfulfutures 📍Philly,"['site:instagram.com ""career coach"" ""book a call""']","13K Followers, 3,455 Following, 453 Posts - Liora 🌈✨ ADHD Career Coach (@ohheyitsliora) on Instagram: ""💖 “guidance counselor” for grown-up queer kids 💖 ✨intentional job search tips & AuDHD advice✨ 🌈Founder @colorfulfutures 📍Philly"""
Career Change Coaching,careerclarity,https://www.instagram.com/careerclarity/,"1,539","8,384",141,Life’s too short to do work that doesn’t light you up!✨Trying to figure out a next move you’ll love? Learn how to get career clarity here!👇,"['site:instagram.com ""career coach"" ""book a call""']","1,539 Followers, 8,384 Following, 141 Posts - Career Change Coaching (@careerclarity) on Instagram: ""Life’s too short to do work that doesn’t light you up!✨Trying to figure out a next move you’ll love? Learn how to get career clarity here!👇"""
Mingke,mingkecareer,https://www.instagram.com/mingkecareer/,188K,337,"1,339",🔅Help Students & Grads Break into Big Corporates 💯Founder of Careertegy | 400+ Students 💻No. 1 Career Coaching 👇Need Help to Land Your Dream Offers?,"['site:instagram.com ""career coach"" ""book a call""']","188K Followers, 337 Following, 1,339 Posts - Mingke | Career Coach (@mingkecareer) on Instagram: ""🔅Help Students & Grads Break into Big Corporates 💯Founder of Careertegy | 400+ Students 💻No. 1 Career Coaching 👇Need Help to Land Your Dream Offers?"""
KAB Career Coach,kabcareercoach,https://www.instagram.com/kabcareercoach/,40,32,10,Karen Amatangelo-Block. Professional Coach . Working Mom. HR Leader.,"['site:instagram.com ""career coach"" ""book a call""']","40 Followers, 32 Following, 10 Posts - KAB Career Coach (@kabcareercoach) on Instagram: ""Karen Amatangelo-Block. Professional Coach . Working Mom. HR Leader."""
Ashley,ashleyasshire,https://www.instagram.com/ashleyasshire/,"6,570",522,"2,272","Women in Corporate, Non Profit & Ed. Leadership hire me to make more money & have more impact at work $1,585,280 in salary increases DM me career help","['site:instagram.com ""career coach"" ""book a call""']","6,570 Followers, 522 Following, 2,272 Posts - Ashley|Career Coach For Women (@ashleyasshire) on Instagram: ""Women in Corporate, Non Profit & Ed. Leadership hire me to make more money & have more impact at work $1,585,280 in salary increases DM me career help"""
Stephanie Chiu,theroadtotech,https://www.instagram.com/theroadtotech/,8,1,1,See Instagram photos and videos from Stephanie Chiu | Ex-Tech Career Coach (@theroadtotech),"['site:instagram.com ""career coach"" ""book a call""']","8 Followers, 1 Following, 1 Posts - See Instagram photos and videos from Stephanie Chiu | Ex-Tech Career Coach (@theroadtotech)"
Natalya - Life & Career Coach,tarasova.natalie,https://www.instagram.com/tarasova.natalie/,804,"1,309",205,"DM me ""Workbook"" to get a set of free career reflections! 🏆Top 15 Coaches in Zurich 2024 👩‍💻 Professional coach , former IT consultant and engineer.","['site:instagram.com ""career coach"" ""book a call""']","804 Followers, 1,309 Following, 205 Posts - Natalya - Life & Career Coach (@tarasova.natalie) on Instagram: ""DM me ""Workbook"" to get a set of free career reflections! 🏆Top 15 Coaches in Zurich 2024 👩‍💻 Professional coach , former IT consultant and engineer."""
Andrae Smith - Remote Career Coach & Founder,andrae_anywhere,https://www.instagram.com/andrae_anywhere/,"2,364","1,241",306,See Instagram photos and videos from Andrae Smith - Remote Career Coach & Founder (@andrae_anywhere),"['site:instagram.com ""career coach"" ""book a call""']","2,364 Followers, 1,241 Following, 306 Posts - See Instagram photos and videos from Andrae Smith - Remote Career Coach & Founder (@andrae_anywhere)"
Kelley Undergraduate Career Services,kelleyucs,https://www.instagram.com/kelleyucs/,"4,398",185,989,✨ Empowering Kelleys w/ Their Career Search 🔔 Career Tips 📈 Industry Insights 🎙️ #WednesdayWisdom @ 12:30PM - IG Live 📍 Prebys Career Center,"['site:instagram.com ""career coach"" ""book a call""']","4,398 Followers, 185 Following, 989 Posts - Kelley Undergraduate Career Services (@kelleyucs) on Instagram: ""✨ Empowering Kelleys w/ Their Career Search 🔔 Career Tips 📈 Industry Insights 🎙️ #WednesdayWisdom @ 12:30PM - IG Live 📍 Prebys Career Center"""
A workforce & leadership branding firm,careerthrivers,https://www.instagram.com/careerthrivers/,"1,889",542,559,Helping companies & individuals leverage their leadership brand! Need a speaker or coach ? Let's connect! 📈 Connect w/our CEO @brittanyncole,"['site:instagram.com ""career coach"" ""book a call""']","1,889 Followers, 542 Following, 559 Posts - A workforce & leadership branding firm (@careerthrivers) on Instagram: ""Helping companies & individuals leverage their leadership brand! Need a speaker or coach ? Let's connect! 📈 Connect w/our CEO @brittanyncole"""
Career Catalyst,careercatalystco,https://www.instagram.com/careercatalystco/,748,"2,084",79,We help clients discover potential and crush goals! ❇️Professional Revamps ❇️Professional Coaching ❇️Business Plan Creations ❇️Jump Start Academy,"['site:instagram.com ""career coach"" ""book a call""']","748 Followers, 2,084 Following, 79 Posts - Career Catalyst (@careercatalystco) on Instagram: ""We help clients discover potential and crush goals! ❇️Professional Revamps ❇️Professional Coaching ❇️Business Plan Creations ❇️Jump Start Academy"""
Career Coach,careercoachtspsc,https://www.instagram.com/careercoachtspsc/,"2,437",0,226,See Instagram photos and videos from Career Coach (@careercoachtspsc),"['site:instagram.com ""career coach"" ""book a call""']","2,437 Followers, 0 Following, 226 Posts - See Instagram photos and videos from Career Coach (@careercoachtspsc)"
Dr Savleen Kaur: Communication and Career Growth Coach,savleenkaur11,https://www.instagram.com/savleenkaur11/,22K,8,841,🎤 TEDx Speaker | Celebrity Award Winner 🤝 Helping Working Professionals Become Fluent & Confident Communicators 🚀 2X–5X Salary Growth in 12 Weeks,"['site:instagram.com ""career coach"" ""book a call""']","22K followers, 8 following, 841 posts – Dr Savleen Kaur: Communication and Career Growth Coach (@savleenkaur11) on Instagram: ""🎤 TEDx Speaker | Celebrity Award Winner 🤝 Helping Working Professionals Become Fluent & Confident Communicators 🚀 2X–5X Salary Growth in 12 Weeks"""
Bani Singh,bani_abroad,https://www.instagram.com/bani_abroad/,145K,672,"1,255",💻I Help 🇨🇦 Immigrants Land Their Dream Jobs 🚀 $40.20M+ in Job Offers ⬇️ Enroll in Career Coaching,"['site:instagram.com ""career coach"" ""book a call""']","145K Followers, 672 Following, 1,255 Posts - Bani Singh | Career Coach (@bani_abroad) on Instagram: ""💻I Help 🇨🇦 Immigrants Land Their Dream Jobs 🚀 $40.20M+ in Job Offers ⬇️ Enroll in Career Coaching """
Founder & Executive Career Coach @CareerSprout,CareerSprout,https://www.instagram.com/careersprout/,,,,,"['site:instagram.com ""career coach"" ""book a call""']","Welcome back to Instagram. Sign in to see what your friends, family and interests have been capturing and sharing around the world."
Lynn Carroll,lynncareercoach,https://www.instagram.com/lynncareercoach/,399,"1,311",188,"Connector. Career coach . Champion of #WomeninSTEM, #POCinTech, #HigherEd, and #introverts. #MontCoPA resident, TN native, @uofpenn alum","['site:instagram.com ""career coach"" ""book a call""']","399 Followers, 1,311 Following, 188 Posts - Lynn Carroll (@lynncareercoach) on Instagram: ""Connector. Career coach . Champion of #WomeninSTEM, #POCinTech, #HigherEd, and #introverts. #MontCoPA resident, TN native, @uofpenn alum"""
"We can help! We offer resume, interview, and career ...",coachingbysamara,https://www.instagram.com/coachingbysamara/p/DDLLoi2S1Ik/,,,,,"['site:instagram.com ""career coach"" ""book a call""']","December 5, 2024 - We cannot provide a description for this page right now"
"CEO, Wise Whisper Speaking Agency",ashleystahl,https://www.instagram.com/ashleystahl/,75K,128,"1,578","🧿Bestselling author • Founder @wisewhisperagency 🎤 We help speakers craft viral talks, book big stages + skyrocket their brand 👇CLICK to work w/ us","['site:instagram.com ""career coach"" ""book a call""']","75K Followers, 128 Following, 1,578 Posts - CEO, Wise Whisper Speaking Agency (@ashleystahl) on Instagram: ""🧿Bestselling author • Founder @wisewhisperagency 🎤 We help speakers craft viral talks, book big stages + skyrocket their brand 👇CLICK to work w/ us"""
